Workbook
Name FIVE_ATTEMPTS: Config!$B$2
Name RETURN_GAP_DAYS: Config!$B$3
Name ENDORSE_ITEM: Config!$B$4
Name ENDORSE_THRESHOLD: Config!$B$5
Name INTENT_ITEM: Config!$B$6
Name INTENT_THRESHOLD: Config!$B$7
Name STUDY_START: Config!$B$8
Name STUDY_END: Config!$B$9

Sheet HowTo
A1: Stage-3 Data-Entry Template — how to use
A3: 1. ENTER participants once, in ENTRY_Participants. Age_Band fills itself; dropdowns constrain categories.
A4: 2. PASTE the game's per-session export into RAW_Sessions (columns already match the game state tables).
A5: If you have raw JSON logs instead of a spreadsheet export, run stage3_import.py — it fills the RAW sheets for you.
A6: 3. PASTE the L2 difficulty state-change export into RAW_GameStates (optional but recommended: it evidences the adaptive layer).
A7: 4. PASTE questionnaire responses into RAW_Questionnaire.
A8: 5. AUTO_Outcomes computes itself. Do not type into green cells - they are formulas.
A9: 6. Watch CHECKS: every flag must read 0 before the data moves to the master logbook.
A10: 7. When CHECKS is clean, copy AUTO_Outcomes (paste values) into the master logbook's Outcomes sheet and the RAW sheets into its data sheets. The logbook's Reconciliation sheet then compares your totals with the published Paper 3 aggregates.
A12: DEFINITIONS are set on the Config sheet and are used by every formula. If a definition must change, change it there once - never by editing formulas - and record the change in the thesis (§6.2/§8.9).
A14: Definition notes:
A15: - Initial_Dropout (formula) = participant has at least one session but fewer than FIVE_ATTEMPTS sessions in their first stint.
... A26: - Data provenance rule: RAW sheets may contain only values transcribed or imported from primary records/game logs.

Sheet Config
A1: Setting | B1: Value | C1: Meaning
A2: FIVE_ATTEMPTS | B2: 5 | C2: Number of attempts defining in-session completion (five-attempt rule)
A3: RETURN_GAP_DAYS | B3: 10 | C3: A gap of MORE than this many days starts a new stint; set it comfortably above the normal session cadence
A4: ENDORSE_ITEM | B4: Q7_CoordFrame | C4: Questionnaire item used for coordination endorsement
A5: ENDORSE_THRESHOLD | B5: 5 | C5: Minimum response counting as endorsement (7-point scale default; use 4 if 5-point)
A6: INTENT_ITEM | B6: Q8_ReturnRecommend | C6: Questionnaire item used for regular-use intention
A7: INTENT_THRESHOLD | B7: 5 | C7: Minimum response counting as intention (7-point default; use 4 if 5-point)
A8: STUDY_START | B8: 2026-03-01 | C8: First valid session date (sessions before this are flagged)
A9: STUDY_END | B9: 2026-05-31 | C9: Last valid session date (sessions after this are flagged)

Sheet ENTRY_Participants
A1: Participant_ID | B1: Recruit_Date | C1: Age | D1: Age_Band (auto) | E1: Gender | F1: Education | G1: Recruit_Channel | H1: Prior_FRA_Use | I1: Pre_FRA_Index | J1: Pre_FES_I | K1: Consent_Signed | L1: Withdrawn | M1: Withdrawn_Reason
A2: 3001 | D2: =IF($C2="","",IF($C2<=44,"25-44",IF($C2<=64,"45-64","65-80")))
A3: 3002 | D3: =IF($C3="","",IF($C3<=44,"25-44",IF($C3<=64,"45-64","65-80")))
A4: 3003 | D4: =IF($C4="","",IF($C4<=44,"25-44",IF($C4<=64,"45-64","65-80")))
A5: 3004 | D5: =IF($C5="","",IF($C5<=44,"25-44",IF($C5<=64,"45-64","65-80")))
A6: 3005 | D6: =IF($C6="","",IF($C6<=44,"25-44",IF($C6<=64,"45-64","65-80")))
A7: 3006 | D7: =IF($C7="","",IF($C7<=44,"25-44",IF($C7<=64,"45-64","65-80")))
A8: 3007 | D8: =IF($C8="","",IF($C8<=44,"25-44",IF($C8<=64,"45-64","65-80")))
A9: 3008 | D9: =IF($C9="","",IF($C9<=44,"25-44",IF($C9<=64,"45-64","65-80")))
A10: 3009 | D10: =IF($C10="","",IF($C10<=44,"25-44",IF($C10<=64,"45-64","65-80")))
A11: 3010 | D11: =IF($C11="","",IF($C11<=44,"25-44",IF($C11<=64,"45-64","65-80")))
A12: 3011 | D12: =IF($C12="","",IF($C12<=44,"25-44",IF($C12<=64,"45-64","65-80")))
A13: 3012 | D13: =IF($C13="","",IF($C13<=44,"25-44",IF($C13<=64,"45-64","65-80")))
... A121: 3120 | D121: =IF($C121="","",IF($C121<=44,"25-44",IF($C121<=64,"45-64","65-80")))

Sheet RAW_Sessions
A1: Participant_ID | B1: Session_No | C1: Session_Date | D1: Duration_Min | E1: Distance_m | F1: Coins | G1: Obstacles_Hit | H1: Lives_Lost | I1: Avg_Balance_pct | J1: Max_Speed | K1: AI_DiffMult | L1: Reached_GameOver | M1: Post_FRA_Index | N1: Notes

Sheet RAW_GameStates
A1: Participant_ID | B1: Session_No | C1: Play_Time_s | D1: Old_DiffMult | E1: New_DiffMult | F1: Reason

Sheet RAW_Questionnaire
A1: Participant_ID | B1: Q4_Date | C1: Q1_AI_Difficulty | D1: Q2_Persistence | E1: Q3_Features | F1: Q4_Enjoyment | G1: Q5_SelfEfficacy | H1: Q6_LearnReframe | I1: Q7_CoordFrame | J1: Q8_ReturnRecommend | K1: Q9_LikedMost | L1: Q9_WouldChange

Sheet ENTRY_Observations
A1: Participant_ID | B1: Staff_Dropout_Observed | C1: Dropout_Date | D1: Staff_Return_Observed | E1: Return_Date | F1: Observer_Initials | G1: Notes
A2: =ENTRY_Participants!$A2
A3: =ENTRY_Participants!$A3
A4: =ENTRY_Participants!$A4
A5: =ENTRY_Participants!$A5
A6: =ENTRY_Participants!$A6
A7: =ENTRY_Participants!$A7
A8: =ENTRY_Participants!$A8
A9: =ENTRY_Participants!$A9
A10: =ENTRY_Participants!$A10
A11: =ENTRY_Participants!$A11
A12: =ENTRY_Participants!$A12
A13: =ENTRY_Participants!$A13
... A121: =ENTRY_Participants!$A121

Sheet AUTO_Outcomes
A1: Participant_ID | B1: Sessions_Total | C1: Completed_Session1 | D1: First_Stint (formula approx) | E1: Telemetry_InSession_Retention | F1: Telemetry_Dropout_Signal | G1: Staff_Dropout_Observed | H1: Staff_Return_Observed | I1: FINAL_Initial_Dropout | J1: FINAL_Voluntary_Return | K1: Coord_Endorse | L1: Regular_Use_Intent | M1: Last_Post_FRA_Index | N1: Post_minus_Pre_FRA | O1: Script_First_Stint | P1: Script_Stint_Return
A2: =ENTRY_Participants!$A2 | B2: =COUNTIF(RAW_Sessions!$A$2:$A$1201,ENTRY_Participants!$A2) | C2: =IF(COUNTIFS(RAW_Sessions!$A$2:$A$1201,ENTRY_Participants!$A2,RAW_Sessions!$B$2:$B$1201,1)>0,TRUE,FALSE) | D2: =IF(B2=0,0,COUNTIFS(RAW_Sessions!$A$2:$A$1201,ENTRY_Participants!$A2,RAW_Sessions!$C$2:$C$1201,"<="&MINIFS(RAW_Sessions!$C$2:$C$1201,RAW_Sessions!$A$2:$A$1201,ENTRY_Participants!$A2)+RETURN_GAP_DAYS*FIVE_ATTEMPTS)) | E2: =IF(B2=0,FALSE,COUNTIFS(RAW_Sessions!$A$2:$A$1201,ENTRY_Participants!$A2,RAW_Sessions!$B$2:$B$1201,"<="&FIVE_ATTEMPTS)>=FIVE_ATTEMPTS) | F2: =IF(B2=0,FALSE,NOT(E2)) | G2: =IF(ENTRY_Observations!$B2="","",ENTRY_Observations!$B2) | H2: =IF(ENTRY_Observations!$D2="","",ENTRY_Observations!$D2) | I2: =IF(G2<>"",G2,F2) | J2: =IF(H2<>"",H2,IF(I2=FALSE,FALSE,P2)) | K2: =IF(COUNTIF(RAW_Questionnaire!$A$2:$A$121,ENTRY_Participants!$A2)=0,"",IF(SUMIFS(RAW_Questionnaire!$I$2:$I$121,RAW_Questionnaire!$A$2:$A$121,ENTRY_Participants!$A2)>=ENDORSE_THRESHOLD,TRUE,FALSE)) | L2: =IF(COUNTIF(RAW_Questionnaire!$A$2:$A$121,ENTRY_Participants!$A2)=0,"",IF(SUMIFS(RAW_Questionnaire!$J$2:$J$121,RAW_Questionnaire!$A$2:$A$121,ENTRY_Participants!$A2)>=INTENT_THRESHOLD,TRUE,FALSE)) | M2: =IFERROR(LOOKUP(2,1/((RAW_Sessions!$A$2:$A$1201=ENTRY_Participants!$A2)*(RAW_Sessions!$M$2:$M$1201<>"")),RAW_Sessions!$M$2:$M$1201),"") | N2: =IF(OR(M2="",ENTRY_Participants!$I2=""),"",M2-ENTRY_Participants!$I2)
A3: =ENTRY_Participants!$A3 | B3: =COUNTIF(RAW_Sessions!$A$2:$A$1201,ENTRY_Participants!$A3) | C3: =IF(COUNTIFS(RAW_Sessions!$A$2:$A$1201,ENTRY_Participants!$A3,RAW_Sessions!$B$2:$B$1201,1)>0,TRUE,FALSE) | D3: =IF(B3=0,0,COUNTIFS(RAW_Sessions!$A$2:$A$1201,ENTRY_Participants!$A3,RAW_Sessions!$C$2:$C$1201,"<="&MINIFS(RAW_Sessions!$C$2:$C$1201,RAW_Sessions!$A$2:$A$1201,ENTRY_Participants!$A3)+RETURN_GAP_DAYS*FIVE_ATTEMPTS)) | E3: =IF(B3=0,FALSE,COUNTIFS(RAW_Sessions!$A$2:$A$1201,ENTRY_Participants!$A3,RAW_Sessions!$B$2:$B$1201,"<="&FIVE_ATTEMPTS)>=FIVE_ATTEMPTS) | F3: =IF(B3=0,FALSE,NOT(E3)) | G3: =IF(ENTRY_Observations!$B3="","",ENTRY_Observations!$B3) | H3: =IF(ENTRY_Observations!$D3="","",ENTRY_Observations!$D3) | I3: =IF(G3<>"",G3,F3) | J3: =IF(H3<>"",H3,IF(I3=FALSE,FALSE,P3)) | K3: =IF(COUNTIF(RAW_Questionnaire!$A$2:$A$121,ENTRY_Participants!$A3)=0,"",IF(SUMIFS(RAW_Questionnaire!$I$2:$I$121,RAW_Questionnaire!$A$2:$A$121,ENTRY_Participants!$A3)>=ENDORSE_THRESHOLD,TRUE,FALSE)) | L3: =IF(COUNTIF(RAW_Questionnaire!$A$2:$A$121,ENTRY_Participants!$A3)=0,"",IF(SUMIFS(RAW_Questionnaire!$J$2:$J$121,RAW_Questionnaire!$A$2:$A$121,ENTRY_Participants!$A3)>=INTENT_THRESHOLD,TRUE,FALSE)) | M3: =IFERROR(LOOKUP(2,1/((RAW_Sessions!$A$2:$A$1201=ENTRY_Participants!$A3)*(RAW_Sessions!$M$2:$M$1201<>"")),RAW_Sessions!$M$2:$M$1201),"") | N3: =IF(OR(M3="",ENTRY_Participants!$I3=""),"",M3-ENTRY_Participants!$I3)
A4: =ENTRY_Participants!$A4 | B4: =COUNTIF(RAW_Sessions!$A$2:$A$1201,ENTRY_Participants!$A4) | C4: =IF(COUNTIFS(RAW_Sessions!$A$2:$A$1201,ENTRY_Participants!$A4,RAW_Sessions!$B$2:$B$1201,1)>0,TRUE,FALSE) | D4: =IF(B4=0,0,COUNTIFS(RAW_Sessions!$A$2:$A$1201,ENTRY_Participants!$A4,RAW_Sessions!$C$2:$C$1201,"<="&MINIFS(RAW_Sessions!$C$2:$C$1201,RAW_Sessions!$A$2:$A$1201,ENTRY_Participants!$A4)+RETURN_GAP_DAYS*FIVE_ATTEMPTS)) | E4: =IF(B4=0,FALSE,COUNTIFS(RAW_Sessions!$A$2:$A$1201,ENTRY_Participants!$A4,RAW_Sessions!$B$2:$B$1201,"<="&FIVE_ATTEMPTS)>=FIVE_ATTEMPTS) | F4: =IF(B4=0,FALSE,NOT(E4)) | G4: =IF(ENTRY_Observations!$B4="","",ENTRY_Observations!$B4) | H4: =IF(ENTRY_Observations!$D4="","",ENTRY_Observations!$D4) | I4: =IF(G4<>"",G4,F4) | J4: =IF(H4<>"",H4,IF(I4=FALSE,FALSE,P4)) | K4: =IF(COUNTIF(RAW_Questionnaire!$A$2:$A$121,ENTRY_Participants!$A4)=0,"",IF(SUMIFS(RAW_Questionnaire!$I$2:$I$121,RAW_Questionnaire!$A$2:$A$121,ENTRY_Participants!$A4)>=ENDORSE_THRESHOLD,TRUE,FALSE)) | L4: =IF(COUNTIF(RAW_Questionnaire!$A$2:$A$121,ENTRY_Participants!$A4)=0,"",IF(SUMIFS(RAW_Questionnaire!$J$2:$J$121,RAW_Questionnaire!$A$2:$A$121,ENTRY_Participants!$A4)>=INTENT_THRESHOLD,TRUE,FALSE)) | M4: =IFERROR(LOOKUP(2,1/((RAW_Sessions!$A$2:$A$1201=ENTRY_Participants!$A4)*(RAW_Sessions!$M$2:$M$1201<>"")),RAW_Sessions!$M$2:$M$1201),"") | N4: =IF(OR(M4="",ENTRY_Participants!$I4=""),"",M4-ENTRY_Participants!$I4)
A5: =ENTRY_Participants!$A5 | B5: =COUNTIF(RAW_Sessions!$A$2:$A$1201,ENTRY_Participants!$A5) | C5: =IF(COUNTIFS(RAW_Sessions!$A$2:$A$1201,ENTRY_Participants!$A5,RAW_Sessions!$B$2:$B$1201,1)>0,TRUE,FALSE) | D5: =IF(B5=0,0,COUNTIFS(RAW_Sessions!$A$2:$A$1201,ENTRY_Participants!$A5,RAW_Sessions!$C$2:$C$1201,"<="&MINIFS(RAW_Sessions!$C$2:$C$1201,RAW_Sessions!$A$2:$A$1201,ENTRY_Participants!$A5)+RETURN_GAP_DAYS*FIVE_ATTEMPTS)) | E5: =IF(B5=0,FALSE,COUNTIFS(RAW_Sessions!$A$2:$A$1201,ENTRY_Participants!$A5,RAW_Sessions!$B$2:$B$1201,"<="&FIVE_ATTEMPTS)>=FIVE_ATTEMPTS) | F5: =IF(B5=0,FALSE,NOT(E5)) | G5: =IF(ENTRY_Observations!$B5="","",ENTRY_Observations!$B5) | H5: =IF(ENTRY_Observations!$D5="","",ENTRY_Observations!$D5) | I5: =IF(G5<>"",G5,F5) | J5: =IF(H5<>"",H5,IF(I5=FALSE,FALSE,P5)) | K5: =IF(COUNTIF(RAW_Questionnaire!$A$2:$A$121,ENTRY_Participants!$A5)=0,"",IF(SUMIFS(RAW_Questionnaire!$I$2:$I$121,RAW_Questionnaire!$A$2:$A$121,ENTRY_Participants!$A5)>=ENDORSE_THRESHOLD,TRUE,FALSE)) | L5: =IF(COUNTIF(RAW_Questionnaire!$A$2:$A$121,ENTRY_Participants!$A5)=0,"",IF(SUMIFS(RAW_Questionnaire!$J$2:$J$121,RAW_Questionnaire!$A$2:$A$121,ENTRY_Participants!$A5)>=INTENT_THRESHOLD,TRUE,FALSE)) | M5: =IFERROR(LOOKUP(2,1/((RAW_Sessions!$A$2:$A$1201=ENTRY_Participants!$A5)*(RAW_Sessions!$M$2:$M$1201<>"")),RAW_Sessions!$M$2:$M$1201),"") | N5: =IF(OR(M5="",ENTRY_Participants!$I5=""),"",M5-ENTRY_Participants!$I5)
A6: =ENTRY_Participants!$A6 | B6: =COUNTIF(RAW_Sessions!$A$2:$A$1201,ENTRY_Participants!$A6) | C6: =IF(COUNTIFS(RAW_Sessions!$A$2:$A$1201,ENTRY_Participants!$A6,RAW_Sessions!$B$2:$B$1201,1)>0,TRUE,FALSE) | D6: =IF(B6=0,0,COUNTIFS(RAW_Sessions!$A$2:$A$1201,ENTRY_Participants!$A6,RAW_Sessions!$C$2:$C$1201,"<="&MINIFS(RAW_Sessions!$C$2:$C$1201,RAW_Sessions!$A$2:$A$1201,ENTRY_Participants!$A6)+RETURN_GAP_DAYS*FIVE_ATTEMPTS)) | E6: =IF(B6=0,FALSE,COUNTIFS(RAW_Sessions!$A$2:$A$1201,ENTRY_Participants!$A6,RAW_Sessions!$B$2:$B$1201,"<="&FIVE_ATTEMPTS)>=FIVE_ATTEMPTS) | F6: =IF(B6=0,FALSE,NOT(E6)) | G6: =IF(ENTRY_Observations!$B6="","",ENTRY_Observations!$B6) | H6: =IF(ENTRY_Observations!$D6="","",ENTRY_Observations!$D6) | I6: =IF(G6<>"",G6,F6) | J6: =IF(H6<>"",H6,IF(I6=FALSE,FALSE,P6)) | K6: =IF(COUNTIF(RAW_Questionnaire!$A$2:$A$121,ENTRY_Participants!$A6)=0,"",IF(SUMIFS(RAW_Questionnaire!$I$2:$I$121,RAW_Questionnaire!$A$2:$A$121,ENTRY_Participants!$A6)>=ENDORSE_THRESHOLD,TRUE,FALSE)) | L6: =IF(COUNTIF(RAW_Questionnaire!$A$2:$A$121,ENTRY_Participants!$A6)=0,"",IF(SUMIFS(RAW_Questionnaire!$J$2:$J$121,RAW_Questionnaire!$A$2:$A$121,ENTRY_Participants!$A6)>=INTENT_THRESHOLD,TRUE,FALSE)) | M6: =IFERROR(LOOKUP(2,1/((RAW_Sessions!$A$2:$A$1201=ENTRY_Participants!$A6)*(RAW_Sessions!$M$2:$M$1201<>"")),RAW_Sessions!$M$2:$M$1201),"") | N6: =IF(OR(M6="",ENTRY_Participants!$I6=""),"",M6-ENTRY_Participants!$I6)
A7: =ENTRY_Participants!$A7 | B7: =COUNTIF(RAW_Sessions!$A$2:$A$1201,ENTRY_Participants!$A7) | C7: =IF(COUNTIFS(RAW_Sessions!$A$2:$A$1201,ENTRY_Participants!$A7,RAW_Sessions!$B$2:$B$1201,1)>0,TRUE,FALSE) | D7: =IF(B7=0,0,COUNTIFS(RAW_Sessions!$A$2:$A$1201,ENTRY_Participants!$A7,RAW_Sessions!$C$2:$C$1201,"<="&MINIFS(RAW_Sessions!$C$2:$C$1201,RAW_Sessions!$A$2:$A$1201,ENTRY_Participants!$A7)+RETURN_GAP_DAYS*FIVE_ATTEMPTS)) | E7: =IF(B7=0,FALSE,COUNTIFS(RAW_Sessions!$A$2:$A$1201,ENTRY_Participants!$A7,RAW_Sessions!$B$2:$B$1201,"<="&FIVE_ATTEMPTS)>=FIVE_ATTEMPTS) | F7: =IF(B7=0,FALSE,NOT(E7)) | G7: =IF(ENTRY_Observations!$B7="","",ENTRY_Observations!$B7) | H7: =IF(ENTRY_Observations!$D7="","",ENTRY_Observations!$D7) | I7: =IF(G7<>"",G7,F7) | J7: =IF(H7<>"",H7,IF(I7=FALSE,FALSE,P7)) | K7: =IF(COUNTIF(RAW_Questionnaire!$A$2:$A$121,ENTRY_Participants!$A7)=0,"",IF(SUMIFS(RAW_Questionnaire!$I$2:$I$121,RAW_Questionnaire!$A$2:$A$121,ENTRY_Participants!$A7)>=ENDORSE_THRESHOLD,TRUE,FALSE)) | L7: =IF(COUNTIF(RAW_Questionnaire!$A$2:$A$121,ENTRY_Participants!$A7)=0,"",IF(SUMIFS(RAW_Questionnaire!$J$2:$J$121,RAW_Questionnaire!$A$2:$A$121,ENTRY_Participants!$A7)>=INTENT_THRESHOLD,TRUE,FALSE)) | M7: =IFERROR(LOOKUP(2,1/((RAW_Sessions!$A$2:$A$1201=ENTRY_Participants!$A7)*(RAW_Sessions!$M$2:$M$1201<>"")),RAW_Sessions!$M$2:$M$1201),"") | N7: =IF(OR(M7="",ENTRY_Participants!$I7=""),"",M7-ENTRY_Participants!$I7)
A8: =ENTRY_Participants!$A8 | B8: =COUNTIF(RAW_Sessions!$A$2:$A$1201,ENTRY_Participants!$A8) | C8: =IF(COUNTIFS(RAW_Sessions!$A$2:$A$1201,ENTRY_Participants!$A8,RAW_Sessions!$B$2:$B$1201,1)>0,TRUE,FALSE) | D8: =IF(B8=0,0,COUNTIFS(RAW_Sessions!$A$2:$A$1201,ENTRY_Participants!$A8,RAW_Sessions!$C$2:$C$1201,"<="&MINIFS(RAW_Sessions!$C$2:$C$1201,RAW_Sessions!$A$2:$A$1201,ENTRY_Participants!$A8)+RETURN_GAP_DAYS*FIVE_ATTEMPTS)) | E8: =IF(B8=0,FALSE,COUNTIFS(RAW_Sessions!$A$2:$A$1201,ENTRY_Participants!$A8,RAW_Sessions!$B$2:$B$1201,"<="&FIVE_ATTEMPTS)>=FIVE_ATTEMPTS) | F8: =IF(B8=0,FALSE,NOT(E8)) | G8: =IF(ENTRY_Observations!$B8="","",ENTRY_Observations!$B8) | H8: =IF(ENTRY_Observations!$D8="","",ENTRY_Observations!$D8) | I8: =IF(G8<>"",G8,F8) | J8: =IF(H8<>"",H8,IF(I8=FALSE,FALSE,P8)) | K8: =IF(COUNTIF(RAW_Questionnaire!$A$2:$A$121,ENTRY_Participants!$A8)=0,"",IF(SUMIFS(RAW_Questionnaire!$I$2:$I$121,RAW_Questionnaire!$A$2:$A$121,ENTRY_Participants!$A8)>=ENDORSE_THRESHOLD,TRUE,FALSE)) | L8: =IF(COUNTIF(RAW_Questionnaire!$A$2:$A$121,ENTRY_Participants!$A8)=0,"",IF(SUMIFS(RAW_Questionnaire!$J$2:$J$121,RAW_Questionnaire!$A$2:$A$121,ENTRY_Participants!$A8)>=INTENT_THRESHOLD,TRUE,FALSE)) | M8: =IFERROR(LOOKUP(2,1/((RAW_Sessions!$A$2:$A$1201=ENTRY_Participants!$A8)*(RAW_Sessions!$M$2:$M$1201<>"")),RAW_Sessions!$M$2:$M$1201),"") | N8: =IF(OR(M8="",ENTRY_Participants!$I8=""),"",M8-ENTRY_Participants!$I8)
A9: =ENTRY_Participants!$A9 | B9: =COUNTIF(RAW_Sessions!$A$2:$A$1201,ENTRY_Participants!$A9) | C9: =IF(COUNTIFS(RAW_Sessions!$A$2:$A$1201,ENTRY_Participants!$A9,RAW_Sessions!$B$2:$B$1201,1)>0,TRUE,FALSE) | D9: =IF(B9=0,0,COUNTIFS(RAW_Sessions!$A$2:$A$1201,ENTRY_Participants!$A9,RAW_Sessions!$C$2:$C$1201,"<="&MINIFS(RAW_Sessions!$C$2:$C$1201,RAW_Sessions!$A$2:$A$1201,ENTRY_Participants!$A9)+RETURN_GAP_DAYS*FIVE_ATTEMPTS)) | E9: =IF(B9=0,FALSE,COUNTIFS(RAW_Sessions!$A$2:$A$1201,ENTRY_Participants!$A9,RAW_Sessions!$B$2:$B$1201,"<="&FIVE_ATTEMPTS)>=FIVE_ATTEMPTS) | F9: =IF(B9=0,FALSE,NOT(E9)) | G9: =IF(ENTRY_Observations!$B9="","",ENTRY_Observations!$B9) | H9: =IF(ENTRY_Observations!$D9="","",ENTRY_Observations!$D9) | I9: =IF(G9<>"",G9,F9) | J9: =IF(H9<>"",H9,IF(I9=FALSE,FALSE,P9)) | K9: =IF(COUNTIF(RAW_Questionnaire!$A$2:$A$121,ENTRY_Participants!$A9)=0,"",IF(SUMIFS(RAW_Questionnaire!$I$2:$I$121,RAW_Questionnaire!$A$2:$A$121,ENTRY_Participants!$A9)>=ENDORSE_THRESHOLD,TRUE,FALSE)) | L9: =IF(COUNTIF(RAW_Questionnaire!$A$2:$A$121,ENTRY_Participants!$A9)=0,"",IF(SUMIFS(RAW_Questionnaire!$J$2:$J$121,RAW_Questionnaire!$A$2:$A$121,ENTRY_Participants!$A9)>=INTENT_THRESHOLD,TRUE,FALSE)) | M9: =IFERROR(LOOKUP(2,1/((RAW_Sessions!$A$2:$A$1201=ENTRY_Participants!$A9)*(RAW_Sessions!$M$2:$M$1201<>"")),RAW_Sessions!$M$2:$M$1201),"") | N9: =IF(OR(M9="",ENTRY_Participants!$I9=""),"",M9-ENTRY_Participants!$I9)
A10: =ENTRY_Participants!$A10 | B10: =COUNTIF(RAW_Sessions!$A$2:$A$1201,ENTRY_Participants!$A10) | C10: =IF(COUNTIFS(RAW_Sessions!$A$2:$A$1201,ENTRY_Participants!$A10,RAW_Sessions!$B$2:$B$1201,1)>0,TRUE,FALSE) | D10: =IF(B10=0,0,COUNTIFS(RAW_Sessions!$A$2:$A$1201,ENTRY_Participants!$A10,RAW_Sessions!$C$2:$C$1201,"<="&MINIFS(RAW_Sessions!$C$2:$C$1201,RAW_Sessions!$A$2:$A$1201,ENTRY_Participants!$A10)+RETURN_GAP_DAYS*FIVE_ATTEMPTS)) | E10: =IF(B10=0,FALSE,COUNTIFS(RAW_Sessions!$A$2:$A$1201,ENTRY_Participants!$A10,RAW_Sessions!$B$2:$B$1201,"<="&FIVE_ATTEMPTS)>=FIVE_ATTEMPTS) | F10: =IF(B10=0,FALSE,NOT(E10)) | G10: =IF(ENTRY_Observations!$B10="","",ENTRY_Observations!$B10) | H10: =IF(ENTRY_Observations!$D10="","",ENTRY_Observations!$D10) | I10: =IF(G10<>"",G10,F10) | J10: =IF(H10<>"",H10,IF(I10=FALSE,FALSE,P10)) | K10: =IF(COUNTIF(RAW_Questionnaire!$A$2:$A$121,ENTRY_Participants!$A10)=0,"",IF(SUMIFS(RAW_Questionnaire!$I$2:$I$121,RAW_Questionnaire!$A$2:$A$121,ENTRY_Participants!$A10)>=ENDORSE_THRESHOLD,TRUE,FALSE)) | L10: =IF(COUNTIF(RAW_Questionnaire!$A$2:$A$121,ENTRY_Participants!$A10)=0,"",IF(SUMIFS(RAW_Questionnaire!$J$2:$J$121,RAW_Questionnaire!$A$2:$A$121,ENTRY_Participants!$A10)>=INTENT_THRESHOLD,TRUE,FALSE)) | M10: =IFERROR(LOOKUP(2,1/((RAW_Sessions!$A$2:$A$1201=ENTRY_Participants!$A10)*(RAW_Sessions!$M$2:$M$1201<>"")),RAW_Sessions!$M$2:$M$1201),"") | N10: =IF(OR(M10="",ENTRY_Participants!$I10=""),"",M10-ENTRY_Participants!$I10)
A11: =ENTRY_Participants!$A11 | B11: =COUNTIF(RAW_Sessions!$A$2:$A$1201,ENTRY_Participants!$A11) | C11: =IF(COUNTIFS(RAW_Sessions!$A$2:$A$1201,ENTRY_Participants!$A11,RAW_Sessions!$B$2:$B$1201,1)>0,TRUE,FALSE) | D11: =IF(B11=0,0,COUNTIFS(RAW_Sessions!$A$2:$A$1201,ENTRY_Participants!$A11,RAW_Sessions!$C$2:$C$1201,"<="&MINIFS(RAW_Sessions!$C$2:$C$1201,RAW_Sessions!$A$2:$A$1201,ENTRY_Participants!$A11)+RETURN_GAP_DAYS*FIVE_ATTEMPTS)) | E11: =IF(B11=0,FALSE,COUNTIFS(RAW_Sessions!$A$2:$A$1201,ENTRY_Participants!$A11,RAW_Sessions!$B$2:$B$1201,"<="&FIVE_ATTEMPTS)>=FIVE_ATTEMPTS) | F11: =IF(B11=0,FALSE,NOT(E11)) | G11: =IF(ENTRY_Observations!$B11="","",ENTRY_Observations!$B11) | H11: =IF(ENTRY_Observations!$D11="","",ENTRY_Observations!$D11) | I11: =IF(G11<>"",G11,F11) | J11: =IF(H11<>"",H11,IF(I11=FALSE,FALSE,P11)) | K11: =IF(COUNTIF(RAW_Questionnaire!$A$2:$A$121,ENTRY_Participants!$A11)=0,"",IF(SUMIFS(RAW_Questionnaire!$I$2:$I$121,RAW_Questionnaire!$A$2:$A$121,ENTRY_Participants!$A11)>=ENDORSE_THRESHOLD,TRUE,FALSE)) | L11: =IF(COUNTIF(RAW_Questionnaire!$A$2:$A$121,ENTRY_Participants!$A11)=0,"",IF(SUMIFS(RAW_Questionnaire!$J$2:$J$121,RAW_Questionnaire!$A$2:$A$121,ENTRY_Participants!$A11)>=INTENT_THRESHOLD,TRUE,FALSE)) | M11: =IFERROR(LOOKUP(2,1/((RAW_Sessions!$A$2:$A$1201=ENTRY_Participants!$A11)*(RAW_Sessions!$M$2:$M$1201<>"")),RAW_Sessions!$M$2:$M$1201),"") | N11: =IF(OR(M11="",ENTRY_Participants!$I11=""),"",M11-ENTRY_Participants!$I11)
A12: =ENTRY_Participants!$A12 | B12: =COUNTIF(RAW_Sessions!$A$2:$A$1201,ENTRY_Participants!$A12) | C12: =IF(COUNTIFS(RAW_Sessions!$A$2:$A$1201,ENTRY_Participants!$A12,RAW_Sessions!$B$2:$B$1201,1)>0,TRUE,FALSE) | D12: =IF(B12=0,0,COUNTIFS(RAW_Sessions!$A$2:$A$1201,ENTRY_Participants!$A12,RAW_Sessions!$C$2:$C$1201,"<="&MINIFS(RAW_Sessions!$C$2:$C$1201,RAW_Sessions!$A$2:$A$1201,ENTRY_Participants!$A12)+RETURN_GAP_DAYS*FIVE_ATTEMPTS)) | E12: =IF(B12=0,FALSE,COUNTIFS(RAW_Sessions!$A$2:$A$1201,ENTRY_Participants!$A12,RAW_Sessions!$B$2:$B$1201,"<="&FIVE_ATTEMPTS)>=FIVE_ATTEMPTS) | F12: =IF(B12=0,FALSE,NOT(E12)) | G12: =IF(ENTRY_Observations!$B12="","",ENTRY_Observations!$B12) | H12: =IF(ENTRY_Observations!$D12="","",ENTRY_Observations!$D12) | I12: =IF(G12<>"",G12,F12) | J12: =IF(H12<>"",H12,IF(I12=FALSE,FALSE,P12)) | K12: =IF(COUNTIF(RAW_Questionnaire!$A$2:$A$121,ENTRY_Participants!$A12)=0,"",IF(SUMIFS(RAW_Questionnaire!$I$2:$I$121,RAW_Questionnaire!$A$2:$A$121,ENTRY_Participants!$A12)>=ENDORSE_THRESHOLD,TRUE,FALSE)) | L12: =IF(COUNTIF(RAW_Questionnaire!$A$2:$A$121,ENTRY_Participants!$A12)=0,"",IF(SUMIFS(RAW_Questionnaire!$J$2:$J$121,RAW_Questionnaire!$A$2:$A$121,ENTRY_Participants!$A12)>=INTENT_THRESHOLD,TRUE,FALSE)) | M12: =IFERROR(LOOKUP(2,1/((RAW_Sessions!$A$2:$A$1201=ENTRY_Participants!$A12)*(RAW_Sessions!$M$2:$M$1201<>"")),RAW_Sessions!$M$2:$M$1201),"") | N12: =IF(OR(M12="",ENTRY_Participants!$I12=""),"",M12-ENTRY_Participants!$I12)
A13: =ENTRY_Participants!$A13 | B13: =COUNTIF(RAW_Sessions!$A$2:$A$1201,ENTRY_Participants!$A13) | C13: =IF(COUNTIFS(RAW_Sessions!$A$2:$A$1201,ENTRY_Participants!$A13,RAW_Sessions!$B$2:$B$1201,1)>0,TRUE,FALSE) | D13: =IF(B13=0,0,COUNTIFS(RAW_Sessions!$A$2:$A$1201,ENTRY_Participants!$A13,RAW_Sessions!$C$2:$C$1201,"<="&MINIFS(RAW_Sessions!$C$2:$C$1201,RAW_Sessions!$A$2:$A$1201,ENTRY_Participants!$A13)+RETURN_GAP_DAYS*FIVE_ATTEMPTS)) | E13: =IF(B13=0,FALSE,COUNTIFS(RAW_Sessions!$A$2:$A$1201,ENTRY_Participants!$A13,RAW_Sessions!$B$2:$B$1201,"<="&FIVE_ATTEMPTS)>=FIVE_ATTEMPTS) | F13: =IF(B13=0,FALSE,NOT(E13)) | G13: =IF(ENTRY_Observations!$B13="","",ENTRY_Observations!$B13) | H13: =IF(ENTRY_Observations!$D13="","",ENTRY_Observations!$D13) | I13: =IF(G13<>"",G13,F13) | J13: =IF(H13<>"",H13,IF(I13=FALSE,FALSE,P13)) | K13: =IF(COUNTIF(RAW_Questionnaire!$A$2:$A$121,ENTRY_Participants!$A13)=0,"",IF(SUMIFS(RAW_Questionnaire!$I$2:$I$121,RAW_Questionnaire!$A$2:$A$121,ENTRY_Participants!$A13)>=ENDORSE_THRESHOLD,TRUE,FALSE)) | L13: =IF(COUNTIF(RAW_Questionnaire!$A$2:$A$121,ENTRY_Participants!$A13)=0,"",IF(SUMIFS(RAW_Questionnaire!$J$2:$J$121,RAW_Questionnaire!$A$2:$A$121,ENTRY_Participants!$A13)>=INTENT_THRESHOLD,TRUE,FALSE)) | M13: =IFERROR(LOOKUP(2,1/((RAW_Sessions!$A$2:$A$1201=ENTRY_Participants!$A13)*(RAW_Sessions!$M$2:$M$1201<>"")),RAW_Sessions!$M$2:$M$1201),"") | N13: =IF(OR(M13="",ENTRY_Participants!$I13=""),"",M13-ENTRY_Participants!$I13)
... A121: =ENTRY_Participants!$A121 | B121: =COUNTIF(RAW_Sessions!$A$2:$A$1201,ENTRY_Participants!$A121) | C121: =IF(COUNTIFS(RAW_Sessions!$A$2:$A$1201,ENTRY_Participants!$A121,RAW_Sessions!$B$2:$B$1201,1)>0,TRUE,FALSE) | D121: =IF(B121=0,0,COUNTIFS(RAW_Sessions!$A$2:$A$1201,ENTRY_Participants!$A121,RAW_Sessions!$C$2:$C$1201,"<="&MINIFS(RAW_Sessions!$C$2:$C$1201,RAW_Sessions!$A$2:$A$1201,ENTRY_Participants!$A121)+RETURN_GAP_DAYS*FIVE_ATTEMPTS)) | E121: =IF(B121=0,FALSE,COUNTIFS(RAW_Sessions!$A$2:$A$1201,ENTRY_Participants!$A121,RAW_Sessions!$B$2:$B$1201,"<="&FIVE_ATTEMPTS)>=FIVE_ATTEMPTS) | F121: =IF(B121=0,FALSE,NOT(E121)) | G121: =IF(ENTRY_Observations!$B121="","",ENTRY_Observations!$B121) | H121: =IF(ENTRY_Observations!$D121="","",ENTRY_Observations!$D121) | I121: =IF(G121<>"",G121,F121) | J121: =IF(H121<>"",H121,IF(I121=FALSE,FALSE,P121)) | K121: =IF(COUNTIF(RAW_Questionnaire!$A$2:$A$121,ENTRY_Participants!$A121)=0,"",IF(SUMIFS(RAW_Questionnaire!$I$2:$I$121,RAW_Questionnaire!$A$2:$A$121,ENTRY_Participants!$A121)>=ENDORSE_THRESHOLD,TRUE,FALSE)) | L121: =IF(COUNTIF(RAW_Questionnaire!$A$2:$A$121,ENTRY_Participants!$A121)=0,"",IF(SUMIFS(RAW_Questionnaire!$J$2:$J$121,RAW_Questionnaire!$A$2:$A$121,ENTRY_Participants!$A121)>=INTENT_THRESHOLD,TRUE,FALSE)) | M121: =IFERROR(LOOKUP(2,1/((RAW_Sessions!$A$2:$A$1201=ENTRY_Participants!$A121)*(RAW_Sessions!$M$2:$M$1201<>"")),RAW_Sessions!$M$2:$M$1201),"") | N121: =IF(OR(M121="",ENTRY_Participants!$I121=""),"",M121-ENTRY_Participants!$I121)

Sheet CHECKS
A1: Check | B1: Count (must be 0) | C1: Where to look
A2: Duplicate participant IDs | B2: =SUMPRODUCT((COUNTIF(ENTRY_Participants!$A$2:$A$121,ENTRY_Participants!$A$2:$A$121)>1)*1) | C2: ENTRY_Participants
A3: Ages outside 25-80 | B3: =COUNTIF(ENTRY_Participants!$C$2:$C$121,"<25")+COUNTIF(ENTRY_Participants!$C$2:$C$121,">80") | C3: ENTRY_Participants col C
A4: Sessions with ID not in participants | B4: =SUMPRODUCT((RAW_Sessions!$A$2:$A$1201<>"")*(COUNTIF(ENTRY_Participants!$A$2:$A$121,RAW_Sessions!$A$2:$A$1201)=0)) | C4: RAW_Sessions col A
A5: Duplicate participant+session pairs | B5: =SUMPRODUCT((RAW_Sessions!$A$2:$A$1201<>"")*(COUNTIFS(RAW_Sessions!$A$2:$A$1201,RAW_Sessions!$A$2:$A$1201,RAW_Sessions!$B$2:$B$1201,RAW_Sessions!$B$2:$B$1201)>1)) | C5: RAW_Sessions
A6: Session dates before STUDY_START | B6: =COUNTIFS(RAW_Sessions!$C$2:$C$1201,"<"&DATEVALUE(STUDY_START),RAW_Sessions!$C$2:$C$1201,"<>") | C6: RAW_Sessions col C
A7: Session dates after STUDY_END | B7: =COUNTIF(RAW_Sessions!$C$2:$C$1201,">"&DATEVALUE(STUDY_END)) | C7: RAW_Sessions col C
A8: Obstacles_Hit outside 0-3 | B8: =COUNTIF(RAW_Sessions!$G$2:$G$1201,">3")+COUNTIF(RAW_Sessions!$G$2:$G$1201,"<0") | C8: RAW_Sessions col G
A9: Balance % outside 0-100 | B9: =COUNTIF(RAW_Sessions!$I$2:$I$1201,">100")+COUNTIF(RAW_Sessions!$I$2:$I$1201,"<0") | C9: RAW_Sessions col I
A10: Post FRA index outside 0-100 | B10: =COUNTIF(RAW_Sessions!$M$2:$M$1201,">100")+COUNTIF(RAW_Sessions!$M$2:$M$1201,"<0") | C10: RAW_Sessions col M
A11: Questionnaire IDs not in participants | B11: =SUMPRODUCT((RAW_Questionnaire!$A$2:$A$121<>"")*(COUNTIF(ENTRY_Participants!$A$2:$A$121,RAW_Questionnaire!$A$2:$A$121)=0)) | C11: RAW_Questionnaire col A
A12: Duplicate questionnaire IDs | B12: =SUMPRODUCT((RAW_Questionnaire!$A$2:$A$121<>"")*(COUNTIF(RAW_Questionnaire!$A$2:$A$121,RAW_Questionnaire!$A$2:$A$121)>1)) | C12: RAW_Questionnaire
A13: Staff dropout record contradicts telemetry (staff FALSE but <5 sessions) | B13: =SUMPRODUCT((AUTO_Outcomes!$G$2:$G$121=FALSE)*(AUTO_Outcomes!$F$2:$F$121=TRUE)) | C13: AUTO_Outcomes G vs F
A14: Return recorded without dropout | B14: =SUMPRODUCT((AUTO_Outcomes!$J$2:$J$121=TRUE)*(AUTO_Outcomes!$I$2:$I$121=FALSE)) | C14: AUTO_Outcomes I vs J
A15: Participants with sessions but no session 1 | B15: =SUMPRODUCT((COUNTIF(RAW_Sessions!$A$2:$A$1201,ENTRY_Participants!$A$2:$A$121)>0)*(COUNTIFS(RAW_Sessions!$A$2:$A$1201,ENTRY_Participants!$A$2:$A$121,RAW_Sessions!$B$2:$B$1201,1)=0)) | C15: cross-check
