Workbook

Sheet Monthly Summary
A1: Month | B1: New Enrollments | C1: Monthly Attrition | D1: Active Patients After Attrition | E1: 99204 (Day 1) | F1: 99213 (Week 2) | G1: G0506 (Care Plan) | H1: 99453 (Scale Setup) | I1: MRR (99426+99454+99457) | J1: Retained 30 Days | K1: Retained 90 Days | L1: 99213 (Quarterly) | M1: Total Revenue
A2: 2026-07 | B2: 92 | C2: 0 | D2: =B2+C2 -> 92 | E2: =$B2*150.76 -> 13869.92 | F2: =$B2*89.16 -> 8202.72 | G2: =$B2*62.44 -> 5744.48 | H2: =$B2*22 -> 2024 | I2: ='Assumptions & Notes'!$B$29*D2 -> 15540.64 | J2: =D2-B2 -> 0 | K2: =0 -> 0 | L2: =SUM(J2:K2)*89.16 -> 0 | M2: =SUM(E2,F2,G2,H2,I2,L2) -> 45381.76 | Q2: 99204 (Day 1) | R2: 1507600 | S2: ='[1]GLP-1'!$AX$14 -> 1507600 | T2: =R2-S2 -> 0
A3: 2026-08 | B3: 193 | C3: =ROUND(D2*'Assumptions & Notes'!$B$27,0) -> 1 | D3: =D2+B3-C3 -> 284 | E3: =$B3*150.76 -> 29096.68 | F3: =$B3*89.16 -> 17207.88 | G3: =$B3*62.44 -> 12050.92 | H3: =$B3*22 -> 4246 | I3: ='Assumptions & Notes'!$B$29*D3 -> 47973.28 | J3: =B2-C2 -> 92 | K3: =0 -> 0 | L3: =SUM(J3:K3)*89.16 -> 8202.72 | M3: =SUM(E3,F3,G3,H3,I3,L3) -> 118777.48 | Q3: 99213 (Week 2) | R3: 891600 | S3: ='[1]GLP-1'!$AX$15 -> 891600 | T3: =R3-S3 -> 0
A4: 2026-09 | B4: 438 | C4: =ROUND(D3*'Assumptions & Notes'!$B$27,0) -> 2 | D4: =D3+B4-C4 -> 720 | E4: =$B4*150.76 -> 66032.88 | F4: =$B4*89.16 -> 39052.08 | G4: =$B4*62.44 -> 27348.72 | H4: =$B4*22 -> 9636 | I4: ='Assumptions & Notes'!$B$29*D4 -> 121622.4 | J4: =B3-C3 -> 192 | K4: =0 -> 0 | L4: =SUM(J4:K4)*89.16 -> 17118.72 | M4: =SUM(E4,F4,G4,H4,I4,L4) -> 280810.8 | Q4: G0506 (Care Plan) | R4: 624400 | S4: ='[1]GLP-1'!$AX$26 -> 624400 | T4: =R4-S4 -> 0
A5: 2026-10 | B5: 638 | C5: =ROUND(D4*'Assumptions & Notes'!$B$27,0) -> 6 | D5: =D4+B5-C5 -> 1352 | E5: =$B5*150.76 -> 96184.88 | F5: =$B5*89.16 -> 56884.08 | G5: =$B5*62.44 -> 39836.72 | H5: =$B5*22 -> 14036 | I5: ='Assumptions & Notes'!$B$29*D5 -> 228379.84 | J5: =B4-C4 -> 436 | K5: =B2 -> 92 | L5: =SUM(J5:K5)*89.16 -> 47076.48 | M5: =SUM(E5,F5,G5,H5,I5,L5) -> 482398 | Q5: 99453 (Scale Setup) | R5: 220000 | S5: ='[1]GLP-1'!$AX$18 -> 220000 | T5: =R5-S5 -> 0
A6: 2026-11 | B6: 670 | C6: =ROUND(D5*'Assumptions & Notes'!$B$27,0) -> 11 | D6: =D5+B6-C6 -> 2011 | E6: =$B6*150.76 -> 101009.2 | F6: =$B6*89.16 -> 59737.2 | G6: =$B6*62.44 -> 41834.8 | H6: =$B6*22 -> 14740 | I6: ='Assumptions & Notes'!$B$29*D6 -> 339698.12 | J6: =B5-C5 -> 632 | K6: =B3-C3 -> 192 | L6: =SUM(J6:K6)*89.16 -> 73467.84 | M6: =SUM(E6,F6,G6,H6,I6,L6) -> 630487.16 | Q6: MRR (99426+99454+99457) | R6: 13460728 | S6: ='[1]GLP-1'!$AX$22+'[1]GLP-1'!$AX$20+'[1]GLP-1'!$AX$19 -> 13460728 | T6: =R6-S6 -> 0
A7: 2026-12 | B7: 469 | C7: =ROUND(D6*'Assumptions & Notes'!$B$27,0) -> 17 | D7: =D6+B7-C7 -> 2463 | E7: =$B7*150.76 -> 70706.44 | F7: =$B7*89.16 -> 41816.04 | G7: =$B7*62.44 -> 29284.36 | H7: =$B7*22 -> 10318 | I7: ='Assumptions & Notes'!$B$29*D7 -> 416049.96 | J7: =B6-C6 -> 659 | K7: =B4-C4 -> 436 | L7: =SUM(J7:K7)*89.16 -> 97630.2 | M7: =SUM(E7,F7,G7,H7,I7,L7) -> 665805 | Q7: 99213 (Quarterly) | R7: 2233190.5 | S7: ='[1]GLP-1'!$AX$16 -> 2233190.5 | T7: =R7-S7 -> 0
A8: 2027-01 | B8: 528 | C8: =ROUND(D7*'Assumptions & Notes'!$B$27,0) -> 21 | D8: =D7+B8-C8 -> 2970 | E8: =$B8*150.76 -> 79601.28 | F8: =$B8*89.16 -> 47076.48 | G8: =$B8*62.44 -> 32968.32 | H8: =$B8*22 -> 11616 | I8: ='Assumptions & Notes'!$B$29*D8 -> 501692.4 | J8: =B7-C7 -> 452 | K8: =B5-C5 -> 632 | L8: =SUM(J8:K8)*89.16 -> 96649.44 | M8: =SUM(E8,F8,G8,H8,I8,L8) -> 769603.92 | R8: =SUM(R2:R7) -> 18937519 | S8: =SUM(S2:S7) -> 18937519
A9: 2027-02 | B9: 544 | C9: =ROUND(D8*'Assumptions & Notes'!$B$27,0) -> 25 | D9: =D8+B9-C9 -> 3489 | E9: =$B9*150.76 -> 82013.44 | F9: =$B9*89.16 -> 48503.04 | G9: =$B9*62.44 -> 33967.36 | H9: =$B9*22 -> 11968 | I9: ='Assumptions & Notes'!$B$29*D9 -> 589361.88 | J9: =B8-C8 -> 507 | K9: =B6-C6+K5 -> 751 | L9: =SUM(J9:K9)*89.16 -> 112163.28 | M9: =SUM(E9,F9,G9,H9,I9,L9) -> 877977 | S9: ='[1]GLP-1'!$AX$37 -> 18937519
A10: 2027-03 | B10: 561 | C10: =ROUND(D9*'Assumptions & Notes'!$B$27,0) -> 29 | D10: =D9+B10-C10 -> 4021 | E10: =$B10*150.76 -> 84576.36 | F10: =$B10*89.16 -> 50018.76 | G10: =$B10*62.44 -> 35028.84 | H10: =$B10*22 -> 12342 | I10: ='Assumptions & Notes'!$B$29*D10 -> 679227.32 | J10: =B9-C9 -> 519 | K10: =B7-C7+K6 -> 644 | L10: =SUM(J10:K10)*89.16 -> 103693.08 | M10: =SUM(E10,F10,G10,H10,I10,L10) -> 964886.36 | S10: =S8-S9 -> 0
A11: 2027-04 | B11: 577 | C11: =ROUND(D10*'Assumptions & Notes'!$B$27,0) -> 34 | D11: =D10+B11-C11 -> 4564 | E11: =$B11*150.76 -> 86988.52 | F11: =$B11*89.16 -> 51445.32 | G11: =$B11*62.44 -> 36027.88 | H11: =$B11*22 -> 12694 | I11: ='Assumptions & Notes'!$B$29*D11 -> 770950.88 | J11: =B10-C10 -> 532 | K11: =B8-C8+K7 -> 943 | L11: =SUM(J11:K11)*89.16 -> 131511 | M11: =SUM(E11,F11,G11,H11,I11,L11) -> 1089617.6
A12: 2027-05 | B12: 595 | C12: =ROUND(D11*'Assumptions & Notes'!$B$27,0) -> 38 | D12: =D11+B12-C12 -> 5121 | E12: =$B12*150.76 -> 89702.2 | F12: =$B12*89.16 -> 53050.2 | G12: =$B12*62.44 -> 37151.8 | H12: =$B12*22 -> 13090 | I12: ='Assumptions & Notes'!$B$29*D12 -> 865039.32 | J12: =B11-C11 -> 543 | K12: =B9-C9+K8 -> 1151 | L12: =SUM(J12:K12)*89.16 -> 151037.04 | M12: =SUM(E12,F12,G12,H12,I12,L12) -> 1209070.6
A13: 2027-06 | B13: 613 | C13: =ROUND(D12*'Assumptions & Notes'!$B$27,0) -> 43 | D13: =D12+B13-C13 -> 5691 | E13: =$B13*150.76 -> 92415.88 | F13: =$B13*89.16 -> 54655.08 | G13: =$B13*62.44 -> 38275.72 | H13: =$B13*22 -> 13486 | I13: ='Assumptions & Notes'!$B$29*D13 -> 961323.72 | J13: =B12-C12 -> 557 | K13: =B10-C10+K9 -> 1283 | L13: =SUM(J13:K13)*89.16 -> 164054.4 | M13: =SUM(E13,F13,G13,H13,I13,L13) -> 1324210.8
A14: 2027-07 | B14: 631 | C14: =ROUND(D13*'Assumptions & Notes'!$B$27,0) -> 47 | D14: =D13+B14-C14 -> 6275 | E14: =$B14*150.76 -> 95129.56 | F14: =$B14*89.16 -> 56259.96 | G14: =$B14*62.44 -> 39399.64 | H14: =$B14*22 -> 13882 | I14: ='Assumptions & Notes'!$B$29*D14 -> 1059973 | J14: =B13-C13 -> 570 | K14: =B11-C11+K10 -> 1187 | L14: =SUM(J14:K14)*89.16 -> 156654.12 | M14: =SUM(E14,F14,G14,H14,I14,L14) -> 1421298.3
A15: 2027-08 | B15: 650 | C15: =ROUND(D14*'Assumptions & Notes'!$B$27,0) -> 52 | D15: =D14+B15-C15 -> 6873 | E15: =$B15*150.76 -> 97994 | F15: =$B15*89.16 -> 57954 | G15: =$B15*62.44 -> 40586 | H15: =$B15*22 -> 14300 | I15: ='Assumptions & Notes'!$B$29*D15 -> 1160987.2 | J15: =B14-C14 -> 584 | K15: =B12-C12+K11 -> 1500 | L15: =SUM(J15:K15)*89.16 -> 185809.44 | M15: =SUM(E15,F15,G15,H15,I15,L15) -> 1557630.6
A16: 2027-09 | B16: 668 | C16: =ROUND(D15*'Assumptions & Notes'!$B$27,0) -> 57 | D16: =D15+B16-C16 -> 7484 | E16: =$B16*150.76 -> 100707.68 | F16: =$B16*89.16 -> 59558.88 | G16: =$B16*62.44 -> 41709.92 | H16: =$B16*22 -> 14696 | I16: ='Assumptions & Notes'!$B$29*D16 -> 1264197.3 | J16: =B15-C15 -> 598 | K16: =B13-C13+K12 -> 1721 | L16: =SUM(J16:K16)*89.16 -> 206762.04 | M16: =SUM(E16,F16,G16,H16,I16,L16) -> 1687631.8
A17: 2027-10 | B17: 689 | C17: =ROUND(D16*'Assumptions & Notes'!$B$27,0) -> 62 | D17: =D16+B17-C17 -> 8111 | E17: =$B17*150.76 -> 103873.64 | F17: =$B17*89.16 -> 61431.24 | G17: =$B17*62.44 -> 43021.16 | H17: =$B17*22 -> 15158 | I17: ='Assumptions & Notes'!$B$29*D17 -> 1370110.1 | J17: =B16-C16 -> 611 | K17: =B14-C14+K13 -> 1867 | L17: =SUM(J17:K17)*89.16 -> 220938.48 | M17: =SUM(E17,F17,G17,H17,I17,L17) -> 1814532.6
A18: 2027-11 | B18: 709 | C18: =ROUND(D17*'Assumptions & Notes'!$B$27,0) -> 68 | D18: =D17+B18-C18 -> 8752 | E18: =$B18*150.76 -> 106888.84 | F18: =$B18*89.16 -> 63214.44 | G18: =$B18*62.44 -> 44269.96 | H18: =$B18*22 -> 15598 | I18: ='Assumptions & Notes'!$B$29*D18 -> 1478387.8 | J18: =B17-C17 -> 627 | K18: =B15-C15+K14 -> 1785 | L18: =SUM(J18:K18)*89.16 -> 215053.92 | M18: =SUM(E18,F18,G18,H18,I18,L18) -> 1923413
A19: 2027-12 | B19: 735 | C19: =ROUND(D18*'Assumptions & Notes'!$B$27,0) -> 73 | D19: =D18+B19-C19 -> 9414 | E19: =$B19*150.76 -> 110808.6 | F19: =$B19*89.16 -> 65532.6 | G19: =$B19*62.44 -> 45893.4 | H19: =$B19*22 -> 16170 | I19: ='Assumptions & Notes'!$B$29*D19 -> 1590212.9 | J19: =B18-C18 -> 641 | K19: =B16-C16+K15 -> 2111 | L19: =SUM(J19:K19)*89.16 -> 245368.32 | M19: =SUM(E19,F19,G19,H19,I19,L19) -> 2073985.8
E20: =SUM(E2:E19) -> 1507600 | F20: =SUM(F2:F19) -> 891600 | G20: =SUM(G2:G19) -> 624400 | H20: =SUM(H2:H19) -> 220000 | I20: =SUM(I2:I19) -> 13460728 | J20: =SUM(J2:J19) -> 8752 | K20: =SUM(K2:K19) -> 16295 | L20: =SUM(L2:L19) -> 2233190.5 | M20: =SUM(M2:M19) -> 18937519
B22: Active patients | C22: Patients enrolled | D22: Revenue by Q | E22: Cummulative Revenue
A23: July 2026 | B23: =B2 -> 92 | C23: =B23 -> 92 | E23: =M2 -> 45381.76
A24: Q3 2026 | B24: =D4 -> 720 | C24: =SUM(B2:B4) -> 723 | D24: =SUM(M2:M4) -> 444970.04 | E24: =D24 -> 444970.04
A25: Q4 2026 | B25: =D7 -> 2463 | C25: =SUM(B2:B7) -> 2500 | D25: =SUM(M5:M7) -> 1778690.2 | E25: =SUM(D24:D25) -> 2223660.2
A26: Q1 2027 | B26: =D10 -> 4021 | C26: =SUM(B2:B10) -> 4133 | D26: =SUM(M8:M10) -> 2612467.3 | E26: =SUM(D24:D26) -> 4836127.5
A27: Q2 2027 | B27: =D13 -> 5691 | C27: =SUM(B2:B13) -> 5918 | D27: =SUM(M11:M13) -> 3622899 | E27: =SUM(D24:D27) -> 8459026.4
A28: Q3 2027 | B28: =D16 -> 7484 | C28: =SUM(B2:B16) -> 7867 | D28: =SUM(M14:M16) -> 4666560.7 | E28: =SUM(D24:D28) -> 13125587
A29: Q4 2027 | B29: =D19 -> 9414 | C29: =SUM(B2:B19) -> 10000 | D29: =SUM(M17:M19) -> 5811931.4 | E29: =SUM(D24:D29) -> 18937519

Sheet Annual Summary
A1: Year | B1: Total Enrollments | C1: Avg Active Patients | D1: 99204 | E1: 99213 (Week 2) | F1: G0506 | G1: 99453 | H1: MRR (99426+99454+99457) | I1: 99213 (Quarterly) | J1: Total Revenue
A2: 2026 | B2: =SUM('Monthly Summary'!B2:B7) -> 2500 | C2: ='Monthly Summary'!D7 -> 2463 | D2: =SUM('Monthly Summary'!E2:E7) -> 376900 | E2: =SUM('Monthly Summary'!F2:F7) -> 222900 | F2: =SUM('Monthly Summary'!G2:G7) -> 156100 | G2: =SUM('Monthly Summary'!H2:H7) -> 55000 | H2: =SUM('Monthly Summary'!I2:I7) -> 1169264.2 | I2: =SUM('Monthly Summary'!L2:L7) -> 243495.96 | J2: =SUM(D2:I2) -> 2223660.2
A3: 2027 | B3: =SUM('Monthly Summary'!B8:B19) -> 7500 | C3: ='Monthly Summary'!D19 -> 9414 | D3: =SUM('Monthly Summary'!E8:E19) -> 1130700 | E3: =SUM('Monthly Summary'!F8:F19) -> 668700 | F3: =SUM('Monthly Summary'!G8:G19) -> 468300 | G3: =SUM('Monthly Summary'!H8:H19) -> 165000 | H3: =SUM('Monthly Summary'!I8:I19) -> 12291464 | I3: =SUM('Monthly Summary'!L8:L19) -> 1989694.6 | J3: =SUM(D3:I3) -> 16713858

Sheet MRR Analysis
A1: Month | B1: Active Patients | C1: MRR ARPU | D1: Monthly Recurring Revenue | E1: Churn Rate | F1: Patients Churned
A2: 2026-07 | B2: ='Monthly Summary'!B2 -> 92 | C2: =D2/B2 -> 168.92 | D2: ='Monthly Summary'!I2 -> 15540.64 | E2: ='Assumptions & Notes'!$B$27 -> 0.0083333333 | F2: ='Monthly Summary'!C2 -> 0
A3: 2026-08 | B3: ='Monthly Summary'!B3 -> 193 | C3: =D3/B3 -> 248.56622 | D3: ='Monthly Summary'!I3 -> 47973.28 | E3: ='Assumptions & Notes'!$B$27 -> 0.0083333333 | F3: ='Monthly Summary'!C3 -> 1
A4: 2026-09 | B4: ='Monthly Summary'!B4 -> 438 | C4: =D4/B4 -> 277.67671 | D4: ='Monthly Summary'!I4 -> 121622.4 | E4: ='Assumptions & Notes'!$B$27 -> 0.0083333333 | F4: ='Monthly Summary'!C4 -> 2
A5: 2026-10 | B5: ='Monthly Summary'!B5 -> 638 | C5: =D5/B5 -> 357.96213 | D5: ='Monthly Summary'!I5 -> 228379.84 | E5: ='Assumptions & Notes'!$B$27 -> 0.0083333333 | F5: ='Monthly Summary'!C5 -> 6
A6: 2026-11 | B6: ='Monthly Summary'!B6 -> 670 | C6: =D6/B6 -> 507.01212 | D6: ='Monthly Summary'!I6 -> 339698.12 | E6: ='Assumptions & Notes'!$B$27 -> 0.0083333333 | F6: ='Monthly Summary'!C6 -> 11
A7: 2026-12 | B7: ='Monthly Summary'!B7 -> 469 | C7: =D7/B7 -> 887.10013 | D7: ='Monthly Summary'!I7 -> 416049.96 | E7: ='Assumptions & Notes'!$B$27 -> 0.0083333333 | F7: ='Monthly Summary'!C7 -> 17
A8: 2027-01 | B8: ='Monthly Summary'!B8 -> 528 | C8: =D8/B8 -> 950.175 | D8: ='Monthly Summary'!I8 -> 501692.4 | E8: ='Assumptions & Notes'!$B$27 -> 0.0083333333 | F8: ='Monthly Summary'!C8 -> 21
A9: 2027-02 | B9: ='Monthly Summary'!B9 -> 544 | C9: =D9/B9 -> 1083.3858 | D9: ='Monthly Summary'!I9 -> 589361.88 | E9: ='Assumptions & Notes'!$B$27 -> 0.0083333333 | F9: ='Monthly Summary'!C9 -> 25
A10: 2027-03 | B10: ='Monthly Summary'!B10 -> 561 | C10: =D10/B10 -> 1210.7439 | D10: ='Monthly Summary'!I10 -> 679227.32 | E10: ='Assumptions & Notes'!$B$27 -> 0.0083333333 | F10: ='Monthly Summary'!C10 -> 29
A11: 2027-04 | B11: ='Monthly Summary'!B11 -> 577 | C11: =D11/B11 -> 1336.1367 | D11: ='Monthly Summary'!I11 -> 770950.88 | E11: ='Assumptions & Notes'!$B$27 -> 0.0083333333 | F11: ='Monthly Summary'!C11 -> 34
A12: 2027-05 | B12: ='Monthly Summary'!B12 -> 595 | C12: =D12/B12 -> 1453.8476 | D12: ='Monthly Summary'!I12 -> 865039.32 | E12: ='Assumptions & Notes'!$B$27 -> 0.0083333333 | F12: ='Monthly Summary'!C12 -> 38
A13: 2027-06 | B13: ='Monthly Summary'!B13 -> 613 | C13: =D13/B13 -> 1568.2279 | D13: ='Monthly Summary'!I13 -> 961323.72 | E13: ='Assumptions & Notes'!$B$27 -> 0.0083333333 | F13: ='Monthly Summary'!C13 -> 43
... A19: 2027-12 | B19: ='Monthly Summary'!B19 -> 735 | C19: =D19/B19 -> 2163.5549 | D19: ='Monthly Summary'!I19 -> 1590212.9 | E19: ='Assumptions & Notes'!$B$27 -> 0.0083333333 | F19: ='Monthly Summary'!C19 -> 73

Sheet Assumptions & Notes
A1: GLP-1 PROFORMA MODEL - ASSUMPTIONS & NOTES (REVISED)
A3: MODEL PERIOD
A4: Start Date | B4: July 1, 2026
A5: End Date | B5: December 31, 2027
A6: Duration | B6: 18 months
A8: ENROLLMENT TARGETS (REVISED)
A9: Target by Dec 31, 2026 | B9: 2,500 patients
A10: Target by Dec 31, 2027 | B10: 10,000 patients (2,500 + 7,500 additional)
A11: Enrollment Pattern | B11: Accelerating ramp
A13: PATIENT LIFECYCLE
A14: Day 1 | B14: Comprehensive GI & Metabolic Assessment (99204) - $150.76
A15: Week 2 | B15: Review labs, assessment, treatment initiation (99213) - $89.16
A16: Month 1 | B16: Establish care plan (G0506) - $62.44 + Scale onboarding (99453) - $22.00
A17: Months 1-12 | B17: Recurring monthly services (MRR):
A18: - PCM (99426) | B18: $67.80/month
A19: - RPM Data Transmission (99445) | B19: $52.11/month
A20: - RPM Weight Management (99457) | B20: $49.01/month
A21: - MRR ARPU Total | B21: $168.92/month per patient
A22: First Quarterly E/M | B22: 4 weeks after Week 2 visit (approximately month 2) - 99213 @ $89.16
A23: Subsequent Quarterly E/M | B23: Every 3 months thereafter - 99213 @ $89.16
A25: ATTRITION & MRR
A26: Annual Attrition Rate | B26: 0.1
A27: Monthly Attrition Rate | B27: =B26/12 -> 0.0083333333
A28: MRR Calculation | B28: MRR = ARPU × Active Paying Customers
A29: MRR ARPU (99426+99454+99457) | B29: 168.92
A31: REVENUE ASSUMPTIONS
A32: Gross Reimbursement | B32: Revenue only (no operating expenses)
A33: RPM Coverage | B33: All patients receive RPM services
A34: Monthly PCM Billing | B34: CPT 99426 only (no 99427)
A35: Reimbursement Rates | B35: LA County Nurse Practitioner rates
A37: KEY METRICS
A38: Total Enrollments (18 months) | B38: 10,000 patients
A39: Total Revenue (18 months) | B39: =SUM('Monthly Summary'!M:M) -> 37875037
A40: Average Monthly Revenue | B40: =AVERAGE('Monthly Summary'!M2:M19) -> 1052084.4
A41: Total MRR Revenue | B41: =SUM('Monthly Summary'!I:I) -> 26921456
A42: Average Revenue per Patient (LTV) | B42: =B39/10000 -> 3787.5037
A43: Peak Active Patients | B43: ='Monthly Summary'!D19 -> 9414
